Date,Open,High,Low,Close,Volume
04-01-2016,102.61,105.368,102,105.35,67649387
05-01-2016,105.75,105.85,102.41,102.71,55790992
06-01-2016,100.56,102.37,99.87,100.7,68457388
07-01-2016,98.68,100.13,96.43,96.45,81094428
08-01-2016,98.55,99.11,96.76,96.96,70798016
11-01-2016,98.97,99.06,97.34,98.53,49739377
12-01-2016,100.55,100.69,98.8399,99.96,49154227
13-01-2016,100.32,101.19,97.3,97.39,62439631
14-01-2016,97.96,100.48,95.74,99.52,63170127
15-01-2016,96.2,97.71,95.36,97.13,79833891
19-01-2016,98.41,98.65,95.5,96.66,53087747
20-01-2016,95.1,98.1897,93.42,96.79,72334416
21-01-2016,97.06,97.88,94.94,96.3,52161463
22-01-2016,98.63,101.46,98.37,101.42,65800467
25-01-2016,101.52,101.53,99.21,99.44,51794525
26-01-2016,99.93,100.88,98.07,99.99,75077002
27-01-2016,96.04,96.6289,93.34,93.42,133369674
28-01-2016,93.79,94.52,92.39,94.09,55678825
29-01-2016,94.79,97.34,94.35,97.34,64416504
01-02-2016,96.47,96.71,95.4,96.43,40943541
02-02-2016,95.42,96.04,94.28,94.48,37357215
03-02-2016,95,96.84,94.08,96.35,45964294
04-02-2016,95.86,97.33,95.19,96.6,46471652
05-02-2016,96.52,96.92,93.69,94.02,46418064
08-02-2016,93.13,95.7,93.04,95.01,54021375
09-02-2016,94.29,95.94,93.93,94.99,44331195
10-02-2016,95.92,96.35,94.1,94.27,42343601
11-02-2016,93.79,94.72,92.59,93.7,50074711
12-02-2016,94.19,94.5,93.01,93.99,40351381
16-02-2016,95.02,96.85,94.61,96.64,49057916
17-02-2016,96.67,98.21,96.15,98.12,44863243
18-02-2016,98.84,98.89,96.091,96.26,39020983
19-02-2016,96,96.7599,95.8,96.04,35374173
22-02-2016,96.31,96.9,95.92,96.88,34280758
23-02-2016,96.4,96.5,94.55,94.69,31942633
24-02-2016,93.98,96.38,93.32,96.1,36255745
25-02-2016,96.05,96.76,95.25,96.76,27582659
26-02-2016,97.2,98.0237,96.58,96.91,28991131
29-02-2016,96.86,98.23,96.65,96.69,35216277
01-03-2016,97.65,100.77,97.42,100.53,50407147
02-03-2016,100.51,100.89,99.64,100.75,33169560
03-03-2016,100.58,101.7099,100.45,101.5,36955742
04-03-2016,102.37,103.75,101.37,103.01,46055100
07-03-2016,102.39,102.83,100.96,101.87,35915810
08-03-2016,100.78,101.76,100.4,101.03,31561889
09-03-2016,101.31,101.58,100.27,101.12,27201683
10-03-2016,101.41,102.24,100.15,101.17,33513577
11-03-2016,102.24,102.28,101.5,102.26,27408237
14-03-2016,101.91,102.91,101.78,102.52,25076062
15-03-2016,103.96,105.18,103.85,104.58,40067734
16-03-2016,104.61,106.31,104.59,105.97,38303493
17-03-2016,105.52,106.47,104.96,105.8,34420705
18-03-2016,106.34,106.5,105.19,105.92,44205171
21-03-2016,105.93,107.65,105.1401,105.91,35502678
22-03-2016,105.25,107.29,105.21,106.72,32444375
23-03-2016,106.48,107.07,105.9,106.13,25703495
24-03-2016,105.47,106.25,104.89,105.67,26132955
28-03-2016,106,106.19,105.06,105.19,19411372
29-03-2016,104.89,107.79,104.88,107.68,31190083
30-03-2016,108.65,110.42,108.6,109.56,45601149
31-03-2016,109.72,109.9,108.88,108.99,25888449
01-04-2016,108.78,110,108.2,109.99,25873950
04-04-2016,110.42,112.19,110.27,111.12,37356204
05-04-2016,109.51,110.73,109.42,109.81,26578652
06-04-2016,110.23,110.98,109.2,110.96,26404077
07-04-2016,109.95,110.42,108.121,108.54,31801870
08-04-2016,108.91,109.77,108.17,108.66,23581740
11-04-2016,108.97,110.61,108.83,109.02,29407518
12-04-2016,109.34,110.5,108.66,110.44,27232325
13-04-2016,110.8,112.34,110.8,112.04,33257316
14-04-2016,111.62,112.39,111.33,112.1,25473923
15-04-2016,112.11,112.3,109.73,109.85,46938969
18-04-2016,108.89,108.95,106.94,107.48,60821461
19-04-2016,107.88,108,106.23,106.91,32384879
20-04-2016,106.64,108.09,106.06,107.13,30611030
21-04-2016,106.93,106.93,105.52,105.97,31552525
22-04-2016,105.01,106.48,104.62,105.68,33683121
25-04-2016,105,105.65,104.51,105.08,28031588
26-04-2016,103.91,105.3,103.91,104.35,56016165
27-04-2016,96,98.71,95.68,97.82,114602142
28-04-2016,97.61,97.88,94.25,94.83,82242690
29-04-2016,93.99,94.72,92.51,93.74,68531478
02-05-2016,93.965,94.08,92.4,93.64,48160104
03-05-2016,94.2,95.74,93.68,95.18,56831277
04-05-2016,95.2,95.9,93.82,94.19,41025475
05-05-2016,94,94.07,92.68,93.24,35890500
06-05-2016,93.37,93.45,91.85,92.72,43699886
09-05-2016,93,93.77,92.59,92.79,32936436
10-05-2016,93.33,93.57,92.11,93.42,33686836
11-05-2016,93.48,93.57,92.46,92.51,28719109
12-05-2016,92.72,92.78,89.47,90.34,76314690
13-05-2016,90,91.67,90,90.52,44392765
16-05-2016,92.39,94.39,91.65,93.88,61259756
17-05-2016,94.55,94.7,93.01,93.49,46916939
18-05-2016,94.16,95.21,93.89,94.56,42062391
19-05-2016,94.64,94.64,93.57,94.2,30442100
20-05-2016,94.64,95.43,94.52,95.22,32025968
23-05-2016,95.87,97.19,95.67,96.43,38018643
24-05-2016,97.22,98.09,96.84,97.9,35140174
25-05-2016,98.67,99.74,98.11,99.62,38642108
26-05-2016,99.68,100.73,98.64,100.41,56331159
27-05-2016,99.44,100.47,99.245,100.35,36341240
31-05-2016,99.6,100.4,98.82,99.86,42307212
01-06-2016,99.02,99.54,98.33,98.46,29173285
02-06-2016,97.6,97.84,96.63,97.72,40191600
03-06-2016,97.79,98.27,97.45,97.92,28504888
06-06-2016,97.99,101.89,97.55,98.63,23292504
07-06-2016,99.25,99.87,98.96,99.03,22409450
08-06-2016,99.02,99.56,98.68,98.94,20848131
09-06-2016,98.5,99.99,98.46,99.65,26601354
10-06-2016,98.53,99.3457,98.48,98.83,31712936
13-06-2016,98.69,99.12,97.1,97.34,38020494
14-06-2016,97.32,98.475,96.75,97.46,31931944
15-06-2016,97.82,98.41,97.03,97.14,29445227
16-06-2016,96.45,97.75,96.07,97.55,31326815
17-06-2016,96.62,96.65,95.3,95.33,61008219
20-06-2016,96,96.57,95.03,95.1,34411901
21-06-2016,94.94,96.35,94.676,95.91,35546358
22-06-2016,96.25,96.89,95.35,95.55,29219122
23-06-2016,95.94,96.29,95.25,96.1,32240187
24-06-2016,92.91,94.655,92.65,93.4,75311356
27-06-2016,93,93.05,91.5,92.04,46622188
28-06-2016,92.9,93.66,92.14,93.59,40444914
29-06-2016,93.97,94.55,93.63,94.4,36531006
30-06-2016,94.44,95.77,94.3,95.6,35836356
01-07-2016,95.49,96.465,95.33,95.89,26026540
05-07-2016,95.39,95.4,94.46,94.99,27705210
06-07-2016,94.6,95.66,94.37,95.53,30949090
07-07-2016,95.7,96.5,95.62,95.94,25139558
08-07-2016,96.49,96.89,96.05,96.68,28912103
11-07-2016,96.75,97.65,96.73,96.98,23794945
12-07-2016,97.17,97.7,97.12,97.42,24167463
13-07-2016,97.41,97.67,96.84,96.87,25892171
14-07-2016,97.39,98.99,97.32,98.79,38918997
15-07-2016,98.92,99.3,98.5,98.78,30136990
18-07-2016,98.7,100.13,98.6,99.83,36493867
19-07-2016,99.56,100,99.34,99.87,23779924
20-07-2016,100,100.46,99.735,99.96,26275968
21-07-2016,99.83,101,99.13,99.43,32702028
22-07-2016,99.26,99.3,98.31,98.66,28313669
25-07-2016,98.25,98.84,96.92,97.34,40382921
26-07-2016,96.82,97.97,96.42,96.67,56239822
27-07-2016,104.265,104.35,102.75,102.95,92344820
28-07-2016,102.83,104.45,102.82,104.34,39869839
29-07-2016,104.19,104.55,103.68,104.21,27733688
01-08-2016,104.41,106.15,104.41,106.05,38167871
02-08-2016,106.05,106.07,104,104.48,33816556
03-08-2016,104.81,105.84,104.77,105.79,30202641
04-08-2016,105.58,106,105.28,105.87,27408650
05-08-2016,106.27,107.65,106.18,107.48,40553402
08-08-2016,107.52,108.37,107.16,108.37,28037220
09-08-2016,108.23,108.94,108.01,108.81,26315204
10-08-2016,108.71,108.9,107.76,108,24008505
11-08-2016,108.52,108.93,107.85,107.93,27484506
12-08-2016,107.78,108.44,107.78,108.18,18660434
15-08-2016,108.14,109.54,108.08,109.48,25868209
16-08-2016,109.63,110.23,109.21,109.38,33794448
17-08-2016,109.1,109.37,108.34,109.22,25355976
18-08-2016,109.23,109.6,109.02,109.08,21984703
19-08-2016,108.77,109.69,108.36,109.36,25368072
22-08-2016,108.86,109.1,107.85,108.51,25820230
23-08-2016,108.59,109.32,108.53,108.85,21257669
24-08-2016,108.565,108.75,107.68,108.03,23675081
25-08-2016,107.39,107.88,106.68,107.57,25086248
26-08-2016,107.41,107.95,106.31,106.94,27766291
29-08-2016,106.62,107.44,106.29,106.82,24970300
30-08-2016,105.8,106.5,105.5,106,24863945
31-08-2016,105.66,106.5699,105.64,106.1,29662406
01-09-2016,106.14,106.8,105.62,106.73,26701523
02-09-2016,107.7,108,106.82,107.73,26802450
06-09-2016,107.9,108.3,107.51,107.7,26880391
07-09-2016,107.83,108.76,107.07,108.36,42364328
08-09-2016,107.25,107.27,105.24,105.52,53002026
09-09-2016,104.64,105.72,103.13,103.13,46556984
12-09-2016,102.65,105.72,102.53,105.44,45292770
13-09-2016,107.51,108.79,107.24,107.95,62176190
14-09-2016,108.73,113.03,108.6,111.77,112340318
15-09-2016,113.86,115.73,113.49,115.57,90613177
16-09-2016,115.12,116.13,114.04,114.92,79886911
19-09-2016,115.19,116.18,113.25,113.58,47023046
20-09-2016,113.05,114.12,112.51,113.57,34514269
21-09-2016,113.85,113.989,112.441,113.55,36003185
22-09-2016,114.35,114.94,114,114.62,31073984
23-09-2016,114.42,114.79,111.55,112.71,52481151
26-09-2016,111.64,113.39,111.55,112.88,29869442
27-09-2016,113,113.18,112.34,113.09,24607412
28-09-2016,113.69,114.64,113.43,113.95,29641085
29-09-2016,113.16,113.8,111.8,112.18,35886990
30-09-2016,112.46,113.37,111.8,113.05,36379106
03-10-2016,112.71,113.05,112.28,112.52,21701760
04-10-2016,113.06,114.31,112.63,113,29736835
05-10-2016,113.4,113.66,112.69,113.05,21453089
06-10-2016,113.7,114.34,113.13,113.89,28779313
07-10-2016,114.31,114.56,113.51,114.06,24358443
10-10-2016,115.02,116.75,114.72,116.05,36235956
11-10-2016,117.7,118.69,116.2,116.3,64041043
12-10-2016,117.35,117.98,116.75,117.34,37586787
13-10-2016,116.79,117.44,115.72,116.98,35192406
14-10-2016,117.88,118.17,117.13,117.63,35652191
17-10-2016,117.33,117.84,116.78,117.55,23624896
18-10-2016,118.18,118.21,117.45,117.47,24553478
19-10-2016,117.25,117.76,113.8,117.12,20034594
20-10-2016,116.86,117.38,116.33,117.06,24125801
21-10-2016,116.81,116.91,116.28,116.6,23192665
24-10-2016,117.1,117.74,117,117.65,23538673
25-10-2016,117.95,118.36,117.31,118.25,48128970
26-10-2016,114.31,115.7,113.31,115.59,66134219
27-10-2016,115.39,115.86,114.1,114.48,34562045
28-10-2016,113.87,115.21,113.45,113.72,37861662
31-10-2016,113.65,114.23,113.2,113.54,26419398
01-11-2016,113.46,113.77,110.53,111.49,43825812
02-11-2016,111.4,112.35,111.23,111.59,28331709
03-11-2016,110.98,111.46,109.55,109.83,26932602
04-11-2016,108.53,110.25,108.11,108.84,30836997
07-11-2016,110.08,110.51,109.46,110.41,32560000
08-11-2016,110.31,111.72,109.7,111.06,24254179
09-11-2016,109.88,111.32,108.05,110.88,59176361
10-11-2016,111.09,111.09,105.83,107.79,57134541
11-11-2016,107.12,108.87,106.55,108.43,34143898
14-11-2016,107.71,107.809,104.08,105.71,51175504
15-11-2016,106.57,107.68,106.1593,107.11,32264510
16-11-2016,106.7,110.23,106.6,109.99,58840522
17-11-2016,109.81,110.35,108.83,109.95,27632003
18-11-2016,109.72,110.54,109.66,110.06,28428917
21-11-2016,110.12,111.99,110.01,111.73,29264571
22-11-2016,111.95,112.42,111.4,111.8,25965534
23-11-2016,111.36,111.51,110.33,111.23,27426394
25-11-2016,111.13,111.87,110.95,111.79,11475922
28-11-2016,111.43,112.465,111.39,111.57,27193983
29-11-2016,110.78,112.03,110.07,111.46,28528750
30-11-2016,111.6,112.2,110.27,110.52,36162258
01-12-2016,110.365,110.94,109.03,109.49,37086862
02-12-2016,109.17,110.09,108.85,109.9,26527997
05-12-2016,110,110.03,108.25,109.11,34324540
06-12-2016,109.5,110.36,109.19,109.95,26195462
07-12-2016,109.26,111.19,109.16,111.03,29998719
08-12-2016,110.86,112.43,110.6,112.12,27068316
09-12-2016,112.31,114.7,112.31,113.95,34402627
12-12-2016,113.29,115,112.49,113.3,26374377
13-12-2016,113.84,115.92,113.75,115.19,43733811
14-12-2016,115.04,116.2,114.98,115.19,34031834
15-12-2016,115.38,116.73,115.23,115.82,46524544
16-12-2016,116.47,116.5,115.645,115.97,44351134
19-12-2016,115.8,117.38,115.75,116.64,27779423
20-12-2016,116.74,117.5,116.68,116.95,21424965
21-12-2016,116.8,117.4,116.78,117.06,23783165
22-12-2016,116.35,116.51,115.64,116.29,26085854
23-12-2016,115.59,116.52,115.59,116.52,14249484
27-12-2016,116.52,117.8,116.49,117.26,18296855
28-12-2016,117.52,118.0166,116.2,116.76,20905892
29-12-2016,116.45,117.1095,116.4,116.73,15039519
30-12-2016,116.65,117.2,115.43,115.82,30586265
03-01-2017,115.8,116.33,114.76,116.15,28781865
04-01-2017,115.85,116.51,115.75,116.02,21118116
05-01-2017,115.92,116.8642,115.81,116.61,22193587
06-01-2017,116.78,118.16,116.47,117.91,31751900
09-01-2017,117.95,119.43,117.94,118.99,33561948
10-01-2017,118.77,119.38,118.3,119.11,24462051
11-01-2017,118.74,119.93,118.6,119.75,27588593
12-01-2017,118.895,119.3,118.21,119.25,27086220
13-01-2017,119.11,119.62,118.81,119.04,26111948
17-01-2017,118.34,120.24,118.22,120,34439843
18-01-2017,120,120.5,119.71,119.99,23712961
19-01-2017,119.4,120.09,119.37,119.78,25597291
20-01-2017,120.45,120.45,119.7346,120,32597892
23-01-2017,120,120.81,119.77,120.08,22050218
24-01-2017,119.55,120.1,119.5,119.97,23211038
25-01-2017,120.42,122.1,120.28,121.88,32586673
26-01-2017,121.67,122.44,121.6,121.94,26337576
27-01-2017,122.14,122.35,121.6,121.95,20562944
30-01-2017,120.93,121.63,120.66,121.63,30377503
31-01-2017,121.15,121.39,120.62,121.35,49200993
01-02-2017,127.03,130.49,127.01,128.75,111985040
02-02-2017,127.975,129.39,127.78,128.53,33710411
03-02-2017,128.31,129.19,128.16,129.08,24507301
06-02-2017,129.13,130.5,128.9,130.29,26845924
07-02-2017,130.54,132.09,130.45,131.53,38183841
08-02-2017,131.35,132.22,131.22,132.04,23004072
09-02-2017,131.65,132.445,131.12,132.42,28349859
10-02-2017,132.46,132.94,132.05,132.12,20065458
13-02-2017,133.08,133.82,132.75,133.29,23035421
14-02-2017,133.47,135.09,133.25,135.02,33226223
15-02-2017,135.52,136.27,134.62,135.51,35623100
16-02-2017,135.67,135.9,134.8398,135.345,22584555
17-02-2017,135.1,135.83,135.1,135.72,22198197
21-02-2017,136.23,136.75,135.98,136.7,24507156
22-02-2017,136.43,137.12,136.11,137.11,20836932
23-02-2017,137.38,137.48,136.3,136.53,20788186
24-02-2017,135.91,136.66,135.28,136.66,21776585
27-02-2017,137.14,137.435,136.28,136.93,20257426
28-02-2017,137.08,137.435,136.7,136.99,23482860
01-03-2017,137.89,140.15,137.595,139.79,36414585
02-03-2017,140,140.2786,138.76,138.96,26210984
03-03-2017,138.78,139.83,138.59,139.78,21571121
06-03-2017,139.365,139.77,138.5959,139.34,21750044
07-03-2017,139.06,139.98,138.79,139.52,17446297
08-03-2017,138.95,139.8,138.82,139,18707236
09-03-2017,138.74,138.79,137.05,138.68,22155904
10-03-2017,139.25,139.3571,138.64,139.14,19612801
13-03-2017,138.85,139.43,138.82,139.2,17421717
14-03-2017,139.3,139.65,138.84,138.99,15309065
15-03-2017,139.41,140.7501,139.025,140.46,25691774
16-03-2017,140.72,141.02,140.26,140.69,19231998
17-03-2017,141,141,139.89,139.99,43884952
20-03-2017,140.4,141.5,140.23,141.46,21542038
21-03-2017,142.11,142.8,139.73,139.84,39529912
22-03-2017,139.845,141.6,139.76,141.42,25860165
23-03-2017,141.26,141.5844,140.61,140.92,20346301
24-03-2017,141.5,141.74,140.35,140.64,22395563
27-03-2017,139.39,141.22,138.62,140.88,23575094
28-03-2017,140.91,144.04,140.62,143.8,33374805
29-03-2017,143.68,144.49,143.19,144.12,29189955
30-03-2017,144.19,144.5,143.5,143.93,21207252
31-03-2017,143.72,144.27,143.01,143.66,19661651
03-04-2017,143.71,144.12,143.05,143.7,19985714
04-04-2017,143.25,144.89,143.17,144.77,19891354
05-04-2017,144.22,145.46,143.81,144.02,27717854
06-04-2017,144.29,144.52,143.45,143.66,21149034
07-04-2017,143.73,144.18,143.27,143.34,16658543
10-04-2017,143.6,143.8792,142.9,143.17,18933397
11-04-2017,142.94,143.35,140.06,141.63,30379376
12-04-2017,141.6,142.15,141.01,141.8,20350000
13-04-2017,141.91,142.38,141.05,141.05,17822880
17-04-2017,141.48,141.88,140.87,141.83,16582094
18-04-2017,141.41,142.04,141.11,141.2,14697544
19-04-2017,141.88,142,140.45,140.68,17328375
20-04-2017,141.22,142.92,141.16,142.44,23319562
21-04-2017,142.44,142.68,141.85,142.27,17320928
24-04-2017,143.5,143.95,143.18,143.64,17134333
25-04-2017,143.91,144.9,143.87,144.53,18871501
26-04-2017,144.47,144.6,143.3762,143.68,20041241
27-04-2017,143.9225,144.16,143.31,143.79,14246347
28-04-2017,144.09,144.3,143.27,143.65,20860358
01-05-2017,145.1,147.2,144.96,146.58,33602943
02-05-2017,147.54,148.09,146.84,147.51,45352194
03-05-2017,145.59,147.49,144.27,147.06,45697034
04-05-2017,146.52,147.14,145.81,146.53,23371872
05-05-2017,146.76,148.98,146.76,148.96,27327725
08-05-2017,149.03,153.7,149.03,153.01,48752413
09-05-2017,153.87,154.88,153.45,153.99,39130363
10-05-2017,153.63,153.94,152.11,153.26,25805692
11-05-2017,152.45,154.07,152.31,153.95,27255058
12-05-2017,154.7,156.42,154.67,156.1,32527017
15-05-2017,156.01,156.65,155.05,155.7,26009719
16-05-2017,155.94,156.06,154.72,155.47,20048478
17-05-2017,153.6,154.57,149.71,150.25,50767678
18-05-2017,151.27,153.34,151.13,152.54,33568215
19-05-2017,153.38,153.98,152.63,153.06,26960788
22-05-2017,154,154.58,152.91,153.99,22966437
23-05-2017,154.9,154.9,153.31,153.8,19918871
24-05-2017,153.84,154.17,152.67,153.34,19219154
25-05-2017,153.73,154.35,153.03,153.87,19235598
26-05-2017,154,154.24,153.31,153.61,21927637
30-05-2017,153.42,154.43,153.33,153.67,20126851
31-05-2017,153.97,154.17,152.38,152.76,24451164
01-06-2017,153.17,153.33,152.22,153.18,16404088
02-06-2017,153.58,155.45,152.89,155.45,27770715
05-06-2017,154.34,154.45,153.46,153.93,25331662
06-06-2017,153.9,155.81,153.78,154.45,26624926
07-06-2017,155.02,155.98,154.48,155.37,21069647
08-06-2017,155.25,155.54,154.4,154.99,21250798
09-06-2017,155.19,155.19,146.02,148.98,64882657
12-06-2017,145.74,146.09,142.51,145.42,72307330
13-06-2017,147.16,147.45,145.15,146.59,34165445
14-06-2017,147.5,147.5,143.84,145.16,31531232
15-06-2017,143.32,144.4798,142.21,144.29,32165373
16-06-2017,143.78,144.5,142.2,142.27,50361093
19-06-2017,143.66,146.74,143.66,146.34,32541404
20-06-2017,146.87,146.87,144.94,145.01,24900073
21-06-2017,145.52,146.0693,144.61,145.87,21265751
22-06-2017,145.77,146.7,145.1199,145.63,19106294
23-06-2017,145.13,147.16,145.11,146.28,35439389
26-06-2017,147.17,148.28,145.38,145.82,25692361
27-06-2017,145.01,146.16,143.62,143.73,24761891
28-06-2017,144.49,146.11,143.1601,145.83,22082432
29-06-2017,144.71,145.13,142.28,143.68,31499368
30-06-2017,144.45,144.96,143.78,144.02,23024107
03-07-2017,144.88,145.3001,143.1,143.5,14277848
05-07-2017,143.69,144.79,142.7237,144.09,21569557
06-07-2017,143.02,143.5,142.41,142.73,24128782
07-07-2017,142.9,144.75,142.9,144.18,19201712
10-07-2017,144.11,145.95,143.37,145.06,21090636
11-07-2017,144.73,145.85,144.38,145.53,19781836
12-07-2017,145.87,146.18,144.82,145.74,24884478
13-07-2017,145.5,148.49,145.44,147.77,25199373
14-07-2017,147.97,149.33,147.33,149.04,20132061
17-07-2017,148.82,150.9,148.57,149.56,23793456
18-07-2017,149.2,150.13,148.67,150.08,17868792
19-07-2017,150.48,151.42,149.95,151.02,20922969
20-07-2017,151.5,151.74,150.19,150.34,17243748
21-07-2017,149.99,150.44,148.88,150.27,26252630
24-07-2017,150.58,152.44,149.9,152.09,21493160
25-07-2017,151.8,153.84,151.8,152.74,18853932
26-07-2017,153.35,153.93,153.06,153.46,15780951
27-07-2017,153.75,153.99,147.3,150.56,32476337
28-07-2017,149.89,150.23,149.19,149.5,17213653
31-07-2017,149.9,150.33,148.13,148.73,19845920
01-08-2017,157.06,158.92,156.6701,158.59,21194042
02-08-2017,159.28,159.75,156.16,157.14,69936800
03-08-2017,157.05,157.21,155.02,155.57,27097296
04-08-2017,156.07,157.4,155.69,156.39,20559852
07-08-2017,157.06,158.92,156.6701,158.81,21870321
08-08-2017,158.6,161.83,158.27,160.08,36205896
09-08-2017,159.26,161.27,159.11,161.06,26131530
10-08-2017,159.9,160,154.63,155.32,40804273
11-08-2017,156.6,158.5728,156.07,157.48,26257096
14-08-2017,159.32,160.21,158.75,159.85,22122734
15-08-2017,160.66,162.195,160.14,161.6,29465487
16-08-2017,161.94,162.51,160.15,160.95,27671612
17-08-2017,160.52,160.71,157.84,157.86,27940565
18-08-2017,157.86,159.5,156.72,157.5,27428069
21-08-2017,157.5,157.89,155.1101,157.21,26368528
22-08-2017,158.23,160,158.02,159.78,21604585
23-08-2017,159.07,160.47,158.88,159.98,19399081
24-08-2017,160.43,160.74,158.55,159.27,19818918
25-08-2017,159.65,160.56,159.27,159.86,25480063
28-08-2017,160.14,162,159.93,161.47,25965972
29-08-2017,160.1,163.12,160,162.91,29516910
30-08-2017,163.8,163.89,162.61,163.35,27269584
31-08-2017,163.64,164.52,163.48,164,26785096
01-09-2017,164.8,164.94,163.63,164.05,16591051
05-09-2017,163.75,164.25,160.56,162.08,29536314
06-09-2017,162.71,162.99,160.52,161.91,21651726
07-09-2017,162.09,162.24,160.36,161.26,21928502
08-09-2017,160.86,161.15,158.53,158.63,28611535
11-09-2017,160.5,162.05,159.89,161.5,31580798
12-09-2017,162.61,163.96,158.77,160.86,71714046
13-09-2017,159.87,159.96,157.91,159.65,44907361
14-09-2017,158.99,159.4,158.09,158.28,23760749
15-09-2017,158.47,160.97,158,159.88,49114602
18-09-2017,160.11,160.5,157.995,158.67,28269435
19-09-2017,159.51,159.77,158.44,158.73,20810632
20-09-2017,157.9,158.26,153.83,156.07,52951364
21-09-2017,155.8,155.8,152.75,153.39,37511661
22-09-2017,152.02,152.27,150.56,151.89,46645443
25-09-2017,149.99,151.83,149.16,150.55,44387336
26-09-2017,151.78,153.92,151.69,153.14,36660045
27-09-2017,153.8,154.7189,153.54,154.23,25504227
28-09-2017,153.89,154.28,152.7,153.28,22005455
29-09-2017,153.21,154.13,152,154.12,26299810
02-10-2017,154.26,154.45,152.72,153.81,18698842
03-10-2017,154.01,155.09,153.91,154.48,16230293
04-10-2017,153.63,153.86,152.46,153.48,20163750
05-10-2017,154.18,155.44,154.05,155.39,21283769
06-10-2017,154.97,155.49,154.56,155.3,17407558
09-10-2017,155.81,156.73,155.485,155.84,16262923
10-10-2017,156.055,158,155.1,155.9,15617014
11-10-2017,155.97,156.98,155.75,156.55,16905640
12-10-2017,156.35,157.37,155.7299,156,16125054
13-10-2017,156.73,157.28,156.41,156.99,16394188
16-10-2017,157.9,160,157.65,159.88,24121452
17-10-2017,159.78,160.87,159.23,160.47,18997275
18-10-2017,160.42,160.71,159.6,159.76,16374164
19-10-2017,156.75,157.08,155.02,155.98,42584166
20-10-2017,156.61,157.75,155.96,156.25,23974146
23-10-2017,156.89,157.69,155.5,156.17,21984327
24-10-2017,156.29,157.42,156.2,157.1,17757230
25-10-2017,156.91,157.55,155.27,156.41,21207098
26-10-2017,157.23,157.8295,156.78,157.41,17000469
27-10-2017,159.29,163.6,158.7,163.05,44454160
30-10-2017,163.89,168.07,163.72,166.72,44700772
31-10-2017,167.9,169.6499,166.94,169.04,36046828
01-11-2017,169.87,169.94,165.61,166.89,33637762
02-11-2017,167.64,168.5,165.28,168.11,41393373
03-11-2017,174,174.26,171.12,172.5,59398631
06-11-2017,172.365,174.99,171.72,174.25,35026306
07-11-2017,173.91,175.25,173.6,174.81,24361485
08-11-2017,174.66,176.24,174.33,176.24,24409527
09-11-2017,175.11,176.095,173.14,175.88,29185668
10-11-2017,175.11,175.38,174.27,174.67,25145500
13-11-2017,173.5,174.5,173.4,173.97,16982080
14-11-2017,173.04,173.48,171.18,171.34,24782487
15-11-2017,169.97,170.3197,168.38,169.08,29158070
16-11-2017,171.18,171.87,170.3,171.1,23637484
17-11-2017,171.04,171.39,169.64,170.15,21899544
20-11-2017,170.29,170.56,169.56,169.98,16262447
21-11-2017,170.78,173.7,170.78,173.14,25131295
22-11-2017,173.36,175,173.05,174.96,25588925
24-11-2017,175.1,175.5,174.6459,174.97,14026673
27-11-2017,175.05,175.08,173.34,174.09,20716802
28-11-2017,174.3,174.87,171.86,173.07,26428802
29-11-2017,172.63,172.92,167.16,169.48,41666364
30-11-2017,170.43,172.14,168.44,171.85,41527218
01-12-2017,169.95,171.67,168.5,171.05,39759288
04-12-2017,172.48,172.62,169.63,169.8,32542385
05-12-2017,169.06,171.52,168.4,169.64,27350154
06-12-2017,167.5,170.2047,166.46,169.01,28560000
07-12-2017,169.03,170.44,168.91,169.32,25673308
08-12-2017,170.49,171,168.82,169.37,23355231
11-12-2017,169.2,172.89,168.79,172.67,35273759
12-12-2017,172.15,172.39,171.461,171.7,19409230
13-12-2017,172.5,173.54,172,172.27,23818447
14-12-2017,172.4,173.13,171.65,172.22,20476541
15-12-2017,173.63,174.17,172.46,173.97,40169307
18-12-2017,174.88,177.2,174.86,176.42,29421114
19-12-2017,175.03,175.39,174.09,174.54,27436447
20-12-2017,174.87,175.42,173.25,174.35,23475649
21-12-2017,174.17,176.02,174.1,175.01,20949896
22-12-2017,174.68,175.424,174.5,175.01,16349444
26-12-2017,170.8,171.47,169.679,170.57,33185536
27-12-2017,170.1,170.78,169.71,170.6,21498213
28-12-2017,171,171.85,170.48,171.08,16480187
29-12-2017,170.52,170.59,169.22,169.23,25999922
02-01-2018,170.16,172.3,169.26,172.26,25555934
03-01-2018,172.53,174.55,171.96,172.23,29517899
04-01-2018,172.54,173.47,172.08,173.03,22434597
05-01-2018,173.44,175.37,173.05,175,23660018
08-01-2018,174.35,175.61,173.93,174.35,20567766
09-01-2018,174.55,175.06,173.41,174.33,21583997
10-01-2018,173.16,174.3,173,174.29,23959895
11-01-2018,174.59,175.4886,174.49,175.28,18667729
12-01-2018,176.18,177.36,175.65,177.09,25418080
16-01-2018,177.9,179.39,176.14,176.19,29565947
17-01-2018,176.15,179.25,175.07,179.1,34386836
18-01-2018,179.37,180.1,178.25,179.26,31193352
19-01-2018,178.61,179.58,177.41,178.46,32425067
22-01-2018,177.3,177.78,176.6016,177,27108551
23-01-2018,177.3,179.44,176.82,177.04,32689146
24-01-2018,177.25,177.3,173.2,174.22,51105090
25-01-2018,174.505,174.95,170.53,171.11,41529004
26-01-2018,172,172,170.06,171.51,39143011
29-01-2018,170.16,170.16,167.07,167.96,50640406
30-01-2018,165.525,167.37,164.7,166.97,46048185
31-01-2018,166.87,168.4417,166.5,167.43,32478930
01-02-2018,167.165,168.62,166.76,167.78,47230787
02-02-2018,166,166.8,160.1,160.5,86593825
05-02-2018,159.1,163.88,156,156.49,72738522
06-02-2018,154.83,163.72,154,163.03,68243838
07-02-2018,163.085,163.4,159.0685,159.54,51608580
